The Big Bang Theory,1,14,28 Apr 08,The Nerdvana Annihilation,9,6
Friends,2,12,28 Jan 96,The One After the Superbowl (1),7,10
Friends,6,16,17 Feb 00,The One That Could Have Been: Part 2,5,6
Breaking Bad,3,3,04 Apr 10,I.F.T.,8,5
Breaking Bad,5,14,15 Sep 13,Ozymandias,5,9
The Big Bang Theory,5,20,29 Mar 12,The Transporter Malfunction,7,10
Breaking Bad,1,4,17 Feb 08,Cancer Man,8,8
Friends,7,21,03 May 01,The One With the Vows,8,7
Black Mirror,3,1,21 Oct 16,Nosedive ,7,9
Friends,9,7,14 Nov 02,The One With Ross's Inappropriate Song,10,5
The Big Bang Theory,4,9,18 Nov 10,The Boyfriend Complexity,5,10
The Big Bang Theory,3,6,02 Nov 09,The Cornhusker Vortex,9,8
Friends,9,16,20 Feb 03,The One With the Boob Job,7,8
Friends,1,2,29 Sep 94,The One With the Sonogram at the End,5,5
The Big Bang Theory,2,6,03 Nov 08,The Cooper-Nowitzki Theorem,9,7
The Big Bang Theory,9,23,05 May 16,The Line Substitution Solution,5,8
The Big Bang Theory,8,9,13 Nov 14,The Septum Deviation,5,8
The Big Bang Theory,6,16,14 Feb 13,The Tangible Affection Proof,6,7
The Big Bang Theory,5,7,27 Oct 11,The Good Guy Fluctuation,7,9
Friends,2,13,28 Jan 96,The One After the Superbowl (2),5,5
The Big Bang Theory,10,14,02 Feb 17,The Emotion Detection Automation,8,10
The Big Bang Theory,7,12,02 Jan 14,The Hesitation Ramification,10,7
The Big Bang Theory,4,23,12 May 11,The Engagement Reaction,5,8
Breaking Bad,3,11,30 May 10,Abiquiu,6,9
Friends,9,23,15 May 03,The One in Barbados (1),7,5
Breaking Bad,5,16,29 Sep 13,Felina,7,5
Friends,10,7,13 Nov 03,The One With the Home Study,10,10
Breaking Bad,5,3,29 Jul 12,Hazard Pay,10,7
Friends,8,5,25 Oct 01,The One With Rachel's Date,8,9
Breaking Bad,2,10,10 May 09,Over,5,8
Breaking Bad,1,2,27 Jan 08,Cat's in the Bag...,7,8
The Big Bang Theory,12,11,03 Jan 19,The Paintball Scattering,10,7
The Big Bang Theory,5,5,13 Oct 11,The Russian Rocket Reaction,5,9
Friends,4,23,07 May 98,The One With Ross's Wedding: Part I,10,6
The Big Bang Theory,11,7,09 Nov 17,The Geology Methodology,6,9
The Big Bang Theory,3,4,12 Oct 09,The Pirate Solution,10,5
Breaking Bad,2,7,19 Apr 09,Negro Y Azul,8,9
The Big Bang Theory,7,20,10 Apr 14,The Relationship Diremption,5,7
Friends,4,13,29 Jan 98,The One With Rachel's Crush,6,6
The Big Bang Theory,5,19,08 Mar 12,The Weekend Vortex,7,9
Friends,4,1,25 Sep 97,The One With the Jellyfish,9,5
Friends,7,13,01 Feb 01,The One Where Rosita Dies,6,8
Breaking Bad,4,1,17 Jul 11,Box Cutter,7,5
The Big Bang Theory,10,16,16 Feb 17,The Allowance Evaporation,8,8
The Big Bang Theory,10,20,06 Apr 17,The Recollection Dissipation,10,7
The Big Bang Theory,9,24,12 May 16,The Convergence Convergence,10,5
Friends,7,3,19 Oct 00,The One With Phoebe's Cookies,6,10
Breaking Bad,3,9,16 May 10,Kafkaesque,9,8
The Big Bang Theory,5,1,22 Sep 11,The Skank Reflex Analysis,6,9
The Big Bang Theory,5,4,06 Oct 11,The Wiggly Finger Catalyst,5,9
Friends,3,25,15 May 97,The One at the Beach,8,8
The Big Bang Theory,4,15,10 Feb 11,The Benefactor Factor,7,8
The Big Bang Theory,5,16,09 Feb 12,The Vacation Solution,10,5
Friends,7,12,11 Jan 01,The One Where They're Up All Night,6,5
The Big Bang Theory,10,2,26 Sep 16,The Military Miniaturization,5,6
Black Mirror,4,1,29 Dec 17,USS Callister ,6,10
Friends,3,3,03 Oct 96,The One With the Jam,5,5
Friends,6,12,13 Jan 00,The One With the Joke,10,5
The Big Bang Theory,5,23,03 May 12,The Launch Acceleration,5,8
Friends,1,11,05 Jan 95,The One With Mrs. Bing,5,6
The Big Bang Theory,2,12,12 Jan 09,The Killer Robot Instability,6,9
Friends,10,16,29 Apr 04,The One With Rachel's Going Away Party,7,10
Friends,10,17,06 May 04,The Last One (1),9,9
Friends,8,2,04 Oct 01,The One With the Red Sweater,8,8
The Big Bang Theory,1,11,31 Mar 08,The Pancake Batter Anomaly,10,8
Friends,5,21,06 May 99,The One With the Ball,9,8
The Big Bang Theory,9,4,12 Oct 15,The 2003 Approximation,5,8
The Big Bang Theory,9,7,05 Nov 15,The Spock Resonance,8,10
Friends,6,11,06 Jan 00,The One With the Apothecary Table,9,8
The Big Bang Theory,5,21,05 Apr 12,The Hawking Excitation,8,6
Friends,5,6,05 Nov 98,The One With the Yeti,5,6
Friends,10,18,06 May 04,The Last One (2),5,6
The Big Bang Theory,4,16,17 Feb 11,The Cohabitation Formulation,8,9
The Big Bang Theory,12,12,10 Jan 19,The Propagation Proposition,6,5
Friends,4,18,02 Apr 98,The One With Rachel's New Dress,9,8
Friends,7,20,26 Apr 01,The One With Rachel's Big Kiss,7,10
Black Mirror,5,2,05 Jun 19,Rachel Jack and Ashley Too,7,7
Black Mirror,1,3,18 Dec 11,The Entire History of You ,9,5
Friends,9,19,17 Apr 03,The One With Rachel's Dream,10,8
Friends,9,9,05 Dec 02,The One With Rachel's Phone Number,7,8
The Big Bang Theory,2,2,29 Sep 08,The Codpiece Topology,5,10
Friends,1,19,09 Mar 95,The One Where the Monkey Gets Away,8,5
Friends,9,22,08 May 03,The One With the Donor,6,7
The Big Bang Theory,8,13,29 Jan 15,The Anxiety Optimization,8,10
The Big Bang Theory,7,19,03 Apr 14,The Indecision Amalgamation,7,10
Black Mirror,5,1,05 Jun 19,Smithereens,10,8
Breaking Bad,2,9,03 May 09,4 Days Out,9,5
The Big Bang Theory,11,4,16 Oct 17,The Explosion Implosion,6,7
Friends,10,1,25 Sep 03,The One After Joey and Rachel Kiss,6,7
The Big Bang Theory,10,17,23 Feb 17,The Comic-Con Conundrum,10,7
Breaking Bad,3,2,28 Mar 10,Caballo sin Nombre,5,5
The Big Bang Theory,11,24,10 May 18,The Bow Tie Asymmetry,8,9
Friends,7,22,10 May 01,The One With Chandler's Dad,9,5
The Big Bang Theory,4,11,16 Dec 10,The Justice League Recombination,7,6
The Big Bang Theory,1,4,15 Oct 07,The Luminous Fish Effect,5,10
The Big Bang Theory,10,6,27 Oct 16,The Fetal Kick Catalyst,5,9
Friends,9,5,31 Oct 02,The One With Phoebe's Birthday Dinner,8,7
The Big Bang Theory,5,6,20 Oct 11,The Rhinitis Revelation,7,6
Friends,3,14,06 Feb 97,The One With Phoebe's Ex-Partner,6,8
Breaking Bad,3,12,06 Jun 10,Half Measures,9,7
The Big Bang Theory,11,1,25 Sep 17,The Proposal Proposal,8,9
Friends,7,8,23 Nov 00,The One Where Chandler Doesn't Like Dogs,8,7
The Big Bang Theory,7,10,05 Dec 13,The Discovery Dissipation,9,7
The Big Bang Theory,11,8,16 Nov 17,The Tesla Recoil,6,7
The Big Bang Theory,9,16,18 Feb 16,The Positive Negative Reaction,7,8
Friends,3,20,10 Apr 97,The One With the Dollhouse,9,10
The Big Bang Theory,6,6,01 Nov 12,The Extract Obliteration,8,6
The Big Bang Theory,4,20,07 Apr 11,The Herb Garden Germination,8,10
The Big Bang Theory,11,9,30 Nov 17,The Bitcoin Entanglement,5,6
The Big Bang Theory,12,3,04 Oct 18,The Procreation Calculation,6,9
The Big Bang Theory,12,17,07 Mar 19,The Conference Valuation,8,6
Friends,7,18,29 Mar 01,The One With Joey's Award,5,7
The Big Bang Theory,11,10,07 Dec 17,The Confidence Erosion,5,7
The Big Bang Theory,12,23,16 May 19,The Change Constant,7,6
Friends,1,4,13 Oct 94,The One With George Stephanopoulos,7,7
The Big Bang Theory,1,7,05 Nov 07,The Dumpling Paradox,7,5
The Big Bang Theory,6,18,07 Mar 13,The Contractual Obligation Implementation,10,9
The Big Bang Theory,2,22,04 May 09,The Classified Materials Turbulence,5,9
The Big Bang Theory,4,21,28 Apr 11,The Agreement Dissection,5,9
The Big Bang Theory,11,20,12 Apr 18,The Reclusive Potential,5,5
Friends,10,13,19 Feb 04,The One Where Joey Speaks French,10,9
The Big Bang Theory,9,10,10 Dec 15,The Earworm Reverberation,8,6
The Big Bang Theory,3,23,24 May 10,The Lunar Excitation,9,7
Friends,2,23,09 May 96,The One With the Chicken Pox,7,5
The Big Bang Theory,10,3,03 Oct 16,The Dependence Transcendence,7,9
The Big Bang Theory,12,20,25 Apr 19,The Decision Reverberation,5,8
Breaking Bad,2,12,24 May 09,Phoenix,10,6
The Big Bang Theory,8,15,19 Feb 15,The Comic Book Store Regeneration,7,9
Black Mirror,4,4,29 Dec 17,Hang the DJ ,7,8
The Big Bang Theory,3,12,11 Jan 10,The Psychic Vortex,7,5
Friends,1,21,27 Apr 95,The One With the Fake Monica,8,8
The Big Bang Theory,5,14,26 Jan 12,The Beta Test Initiation,10,8
The Big Bang Theory,6,20,04 Apr 13,The Tenure Turbulence,8,9
Friends,1,14,09 Feb 95,The One With the Candy Hearts,9,9
The Big Bang Theory,4,18,10 Mar 11,The Prestidigitation Approximation,8,8
Friends,4,3,09 Oct 97,The One With the 'Cuffs,5,9
Black Mirror,1,2,11 Dec 11,Fifteen Million Merits ,9,5
Friends,1,24,18 May 95,The One Where Rachel Finds Out,7,10
The Big Bang Theory,4,8,11 Nov 10,The 21-Second Excitation,9,8
Friends,6,2,30 Sep 99,The One Where Ross Hugs Rachel,6,8
Friends,1,17,23 Feb 95,The One With Two Parts (2),9,10
The Big Bang Theory,12,7,01 Nov 18,The Grant Allocation Derivation,6,10
The Big Bang Theory,6,8,15 Nov 12,The 43 Peculiarity,6,5
Friends,10,5,30 Oct 03,The One Where Rachel's Sister Babysits,5,7
Friends,1,15,16 Feb 95,The One With the Stoned Guy,5,9
The Big Bang Theory,8,3,29 Sep 14,The First Pitch Insufficiency,7,6
Friends,1,1,22 Sep 94,The One Where Monica Gets a Roommate,10,9
Black Mirror,4,2,29 Dec 17,Arkangel ,5,10
Friends,1,23,11 May 95,The One With the Birth,5,9
The Big Bang Theory,9,1,21 Sep 15,The Matrimonial Momentum,6,7
Breaking Bad,2,4,29 Mar 09,Down,7,8
The Big Bang Theory,11,19,05 Apr 18,The Tenant Disassociation,9,8
The Big Bang Theory,4,5,21 Oct 10,The Desperation Emanation,9,10
Friends,4,9,11 Dec 97,The One Where They're Going to Party!,10,5
Friends,4,20,16 Apr 98,The One With All the Wedding Dresses,5,8
Friends,2,4,12 Oct 95,The One With Phoebe's Husband,5,7
Friends,2,24,16 May 96,The One With Barry and Mindy's Wedding,5,9
Friends,10,10,15 Jan 04,The One Where Chandler Gets Caught,5,5
Breaking Bad,4,13,09 Oct 11,Face Off,6,9
The Big Bang Theory,7,2,26 Sep 13,The Deception Verification,8,9
Breaking Bad,3,13,13 Jun 10,Full Measure,5,10
Breaking Bad,5,1,15 Jul 12,Live Free or Die,10,8
The Big Bang Theory,8,24,07 May 15,The Commitment Determination,9,8
The Big Bang Theory,6,12,03 Jan 13,The Egg Salad Equivalency,6,5
Friends,8,12,10 Jan 02,The One Where Joey Dates Rachel,10,10
Friends,4,22,30 Apr 98,The One With the Worst Best Man Ever,10,8
The Big Bang Theory,10,4,10 Oct 16,The Cohabitation Experimentation,5,10
Friends,2,1,21 Sep 95,The One With Ross's New Girlfriend,8,9
Friends,3,16,20 Feb 97,The One the Morning After,6,5
The Big Bang Theory,12,24,16 May 19,The Stockholm Syndrome,7,10
Breaking Bad,1,1,20 Jan 08,Pilot,8,5
Breaking Bad,1,7,09 Mar 08,A No-Rough-Stuff-Type Deal,6,9
The Big Bang Theory,7,18,13 Mar 14,The Mommy Observation,5,7
Friends,5,20,29 Apr 99,The One With the Ride Along,6,10
Friends,3,4,10 Oct 96,The One With the Metaphorical Tunnel,7,5
The Big Bang Theory,12,15,07 Feb 19,The Donation Oscillation,6,9
The Big Bang Theory,3,19,12 Apr 10,The Wheaton Recurrence,7,5
Friends,9,6,07 Nov 02,The One With the Male Nanny,5,9
Black Mirror,2,2,18 Feb 13,White Bear ,8,6
Friends,4,24,07 May 98,The One With Ross's Wedding: Part II,6,5
The Big Bang Theory,7,5,17 Oct 13,The Workplace Proximity,9,9
Breaking Bad,4,3,31 Jul 11,Open House,7,9
Friends,10,11,05 Feb 04,The One Where the Stripper Cries,8,7
The Big Bang Theory,9,19,31 Mar 16,The Solder Excursion Diversion,5,9
The Big Bang Theory,4,14,03 Feb 11,The Thespian Catalyst,5,7
Friends,8,4,18 Oct 01,The One With the Videotape,6,5
Breaking Bad,4,10,18 Sep 11,Salud,8,6
Friends,3,1,16 Sep 96,The One With the Princess Leia Fantasy,8,9
Friends,10,2,02 Oct 03,The One Where Ross is Fine,8,10
Breaking Bad,5,2,22 Jul 12,Madrigal,8,8
Friends,4,12,15 Jan 98,The One With the Embryos,7,9
The Big Bang Theory,4,1,23 Sep 10,The Robotic Manipulation,5,6
Friends,10,14,26 Feb 04,The One With Princess Consuela,9,5
The Big Bang Theory,7,11,12 Dec 13,The Cooper Extraction,7,10
Friends,6,9,25 Nov 99,The One Where Ross Got High,7,10
Friends,8,6,01 Nov 01,The One With the Halloween Party,6,9
The Big Bang Theory,5,9,10 Nov 11,The Ornithophobia Diffusion,7,10
Friends,7,4,26 Oct 00,The One With Rachel's Assistant,9,10
Friends,10,4,23 Oct 03,The One With the Cake,9,5
Friends,5,7,12 Nov 98,The One Where Ross Moves In,9,7
Friends,6,23,11 May 00,The One With the Ring,5,6
Black Mirror,3,3,21 Oct 16,Shut Up and Dance ,6,10
The Big Bang Theory,9,22,28 Apr 16,The Fermentation Bifurcation,6,7
Friends,9,13,30 Jan 03,The One Where Monica Sings,7,5
The Big Bang Theory,9,14,04 Feb 16,The Meemaw Materialization,6,7
Friends,3,11,09 Jan 97,The One Where Chandler Can't Remember Which Sister,8,7
Friends,5,3,08 Oct 98,The One Hundredth,6,6
Friends,8,22,09 May 02,The One Where Rachel is Late,6,6
The Big Bang Theory,5,18,23 Feb 12,The Werewolf Transformation,5,8
The Big Bang Theory,2,21,27 Apr 09,The Vegas Renormalization,6,10
Breaking Bad,5,13,08 Sep 13,To'hajiilee,10,8
Breaking Bad,2,3,22 Mar 09,Bit by a Dead Bee,10,5
Breaking Bad,2,11,17 May 09,Mandala,7,5
Breaking Bad,4,4,07 Aug 11,Bullet Points,8,10
The Big Bang Theory,4,17,24 Feb 11,The Toast Derivation,7,9
The Big Bang Theory,6,21,25 Apr 13,The Closure Alternative,8,9
Friends,2,3,05 Oct 95,The One Where Heckles Dies,10,10
Friends,2,14,01 Feb 96,The One With the Prom Video,6,8
The Big Bang Theory,7,24,15 May 14,The Status Quo Combustion,6,5
Friends,1,16,23 Feb 95,The One With Two Parts (1),7,10
The Big Bang Theory,11,2,02 Oct 17,The Retraction Reaction,8,8
The Big Bang Theory,11,11,14 Dec 17,The Celebration Reverberation,8,9
The Big Bang Theory,10,8,10 Nov 16,The Brain Bowl Incubation,6,10
Friends,4,7,13 Nov 97,The One Where Chandler Crosses the Line,5,5
The Big Bang Theory,6,14,31 Jan 13,The Cooper/Kripke Inversion,8,9
Friends,2,9,14 Dec 95,The One With Phoebe's Dad,8,9
The Big Bang Theory,3,15,08 Feb 10,The Large Hadron Collision,6,7
Friends,9,24,15 May 03,The One in Barbados (2),8,8
The Big Bang Theory,8,7,30 Oct 14,The Misinterpretation Agitation,8,6
The Big Bang Theory,10,23,04 May 17,The Gyroscopic Collapse,7,8
The Big Bang Theory,1,8,12 Nov 07,The Grasshopper Experiment,7,6
The Big Bang Theory,4,7,04 Nov 10,The Apology Insufficiency,9,7
The Big Bang Theory,12,10,06 Dec 18,The VCR Illumination,5,8
Friends,5,15,18 Feb 99,The One With the Girl Who Hits Joey,10,6
Friends,2,20,04 Apr 96,The One Where Old Yeller Dies,5,6
The Big Bang Theory,6,10,06 Dec 12,The Fish Guts Displacement,7,10
The Big Bang Theory,2,13,19 Jan 09,The Friendship Algorithm,9,5
The Big Bang Theory,3,3,05 Oct 09,The Gothowitz Deviation,6,8
The Big Bang Theory,9,5,19 Oct 15,The Perspiration Implementation,9,9
Friends,10,15,22 Apr 04,The One Where Estelle Dies,8,10
The Big Bang Theory,12,18,04 Apr 19,The Laureate Accumulation,5,5
Friends,3,6,31 Oct 96,The One With the Flashback,6,10
Breaking Bad,3,10,23 May 10,Fly,10,8
Friends,7,23,17 May 01,The One with Monica and Chandler's Wedding (Part 1),6,7
The Big Bang Theory,7,8,14 Nov 13,The Itchy Brain Simulation,7,6
Friends,4,5,30 Oct 97,The One With Joey's New Girlfriend,6,7
The Big Bang Theory,10,18,09 Mar 17,The Escape Hatch Identification,7,8
Friends,4,6,06 Nov 97,The One With the Dirty Girl,8,8
The Big Bang Theory,5,17,16 Feb 12,The Rothman Disintegration,9,6
Friends,3,10,12 Dec 96,The One Where Rachel Quits,9,10
The Big Bang Theory,12,13,17 Jan 19,The Confirmation Polarization,8,9
Friends,3,13,30 Jan 97,The One Where Monica and Richard are Just Friends,9,9
Breaking Bad,5,9,11 Aug 13,Blood Money,10,10
Breaking Bad,2,13,31 May 09,ABQ,7,7
The Big Bang Theory,3,2,28 Sep 09,The Jiminy Conjecture,5,9
The Big Bang Theory,5,22,26 Apr 12,The Stag Convergence,9,5
Friends,8,7,08 Nov 01,The One With the Stain,9,5
Friends,3,12,16 Jan 97,The One With All the Jealousy,8,8
The Big Bang Theory,9,20,07 Apr 16,The Big Bear Precipitation,6,9
Friends,3,18,13 Mar 97,The One With the Hypnosis Tape,9,7
The Big Bang Theory,7,23,08 May 14,The Gorilla Dissolution,10,8
The Big Bang Theory,2,1,22 Sep 08,The Bad Fish Paradigm,7,8
Black Mirror,2,0,16 Dec 14,White Christmas ,10,7
The Big Bang Theory,4,13,20 Jan 11,The Love Car Displacement,10,5
The Big Bang Theory,3,18,22 Mar 10,The Pants Alternative,10,5
Friends,2,5,19 Oct 95,The One With Five Steaks and an Eggplant,9,9
Friends,8,21,02 May 02,The One With the Cooking Class,9,10
Breaking Bad,3,4,11 Apr 10,Green Light,6,10
Friends,7,14,08 Feb 01,The One Where They All Turn Thirty,10,6
Friends,4,21,23 Apr 98,The One With the Invitation,6,10
The Big Bang Theory,7,14,30 Jan 14,The Convention Conundrum,10,5
Friends,3,19,27 Mar 97,The One With the Tiny T-Shirt,7,5
Friends,1,8,10 Nov 94,The One Where Nana Dies Twice,5,8
Friends,7,7,16 Nov 00,The One With Ross's Library Book,8,6
Friends,5,12,21 Jan 99,The One With Chandler's Work Laugh,8,10
The Big Bang Theory,8,19,02 Apr 15,The Skywalker Incursion,9,5
Friends,6,3,07 Oct 99,The One With Ross's Denial,5,9
The Big Bang Theory,1,10,24 Mar 08,The Loobenfeld Decay,10,7
Friends,7,10,14 Dec 00,The One With the Holiday Armadillo,5,10
The Big Bang Theory,12,0,16 May 19,Unraveling the Mystery: A Big Bang Farewell,5,7
The Big Bang Theory,6,23,09 May 13,The Love Spell Potential,7,9
Friends,5,9,10 Dec 98,The One With Ross's Sandwich,8,9
Friends,7,9,07 Dec 00,The One With All the Candy,9,10
Friends,9,18,03 Apr 03,The One With the Lottery,10,9
The Big Bang Theory,11,5,23 Oct 17,The Collaboration Contamination,9,10
The Big Bang Theory,1,17,19 May 08,The Tangerine Factor,8,5
Friends,1,12,12 Jan 95,The One With the Dozen Lasagnas,10,5
Friends,2,16,15 Feb 96,The One Where Joey Moves Out,5,6
The Big Bang Theory,11,15,01 Feb 18,The Novelization Correlation,8,10
The Big Bang Theory,3,16,01 Mar 10,The Excelsior Acquisition,9,8
The Big Bang Theory,10,1,19 Sep 16,The Conjugal Conjecture,10,8
Friends,7,0,15 Feb 01,Friends: The Stuff You've Never Seen,10,5
The Big Bang Theory,4,24,19 May 11,The Roommate Transmogrification,6,8
Breaking Bad,2,1,08 Mar 09,Seven Thirty-Seven,6,5
Breaking Bad,3,1,21 Mar 10,No Más,8,9
Friends,1,18,02 Mar 95,The One With All the Poker,10,8
The Big Bang Theory,11,3,09 Oct 17,The Relaxation Integration,6,8
The Big Bang Theory,6,2,04 Oct 12,The Decoupling Fluctuation,9,10
The Big Bang Theory,3,11,14 Dec 09,The Maternal Congruence,7,7
Friends,2,18,21 Mar 96,The One Where Dr. Ramoray Dies,8,7
Friends,8,23,16 May 02,The One Where Rachel Has a Baby (1),7,9
The Big Bang Theory,1,15,05 May 08,The Pork Chop Indeterminacy,6,7
Friends,1,7,03 Nov 94,The One With the Blackout,8,6
The Big Bang Theory,12,22,09 May 19,The Maternal Conclusion,10,8
Friends,6,15,17 Feb 00,The One That Could Have Been: Part 1,5,9
Friends,7,17,15 Mar 01,The One With the Cheap Wedding Dress,10,8
The Big Bang Theory,4,19,31 Mar 11,The Zarnecki Incursion,6,9
Friends,9,8,21 Nov 02,The One With Rachel's Other Sister,5,8
The Big Bang Theory,2,11,15 Dec 08,The Bath Item Gift Hypothesis,9,8
Breaking Bad,4,11,25 Sep 11,Crawl Space,6,10
Breaking Bad,3,6,25 Apr 10,Sunset,10,5
The Big Bang Theory,2,5,20 Oct 08,The Euclid Alternative,9,8
Friends,10,12,12 Feb 04,The One With Phoebe's Wedding,8,7
Friends,2,15,08 Feb 96,The One Where Ross and Rachel... You Know,8,7
Friends,5,14,11 Feb 99,The One Where Everybody Finds Out,6,10
Friends,7,1,12 Oct 00,The One With Monica's Thunder,10,7
Friends,3,7,07 Nov 96,The One With the Race Car Bed,6,10
The Big Bang Theory,6,15,07 Feb 13,The Spoiler Alert Segmentation,7,6
The Big Bang Theory,5,13,19 Jan 12,The Recombination Hypothesis,8,6
Friends,2,7,09 Nov 95,The One Where Ross Finds Out,6,5
Friends,6,10,16 Dec 99,The One With the Routine,7,5
Breaking Bad,1,6,02 Mar 08,Crazy Handful of Nothin',7,9
The Big Bang Theory,3,9,23 Nov 09,The Vengeance Formulation,5,6
The Big Bang Theory,7,15,06 Feb 14,The Locomotive Manipulation,9,5
The Big Bang Theory,6,24,16 May 13,The Bon Voyage Reaction,8,7
The Big Bang Theory,9,9,19 Nov 15,The Platonic Permutation,8,9
Friends,2,6,02 Nov 95,The One With the Baby on the Bus,9,7
Friends,7,24,17 May 01,The One with Monica and Chandler's Wedding (Part 2),10,9
Friends,5,18,08 Apr 99,The One Where Rachel Smokes,7,8
Black Mirror,3,2,21 Oct 16,Playtest ,6,5
Breaking Bad,3,7,02 May 10,One Minute,8,9
Friends,4,4,16 Oct 97,The One With the Ballroom Dancing,5,9
Friends,8,10,06 Dec 01,The One With Monica's Boots,10,10
The Big Bang Theory,10,5,17 Oct 16,The Hot Tub Contamination,10,8
Friends,6,8,18 Nov 99,The One With Ross's Teeth,8,6
Black Mirror,2,3,25 Feb 13,The Waldo Moment ,10,9
Breaking Bad,4,7,28 Aug 11,Problem Dog,5,9
The Big Bang Theory,4,6,28 Oct 10,The Irish Pub Formulation,8,9
Friends,2,22,02 May 96,The One With the Two Parties,7,5
The Big Bang Theory,10,22,27 Apr 17,The Cognition Regeneration,8,5
The Big Bang Theory,7,6,24 Oct 13,The Romance Resonance,7,9
Friends,8,19,04 Apr 02,The One With Joey's Interview,8,10
The Big Bang Theory,5,24,10 May 12,The Countdown Reflection,9,7
The Big Bang Theory,1,12,14 Apr 08,The Jerusalem Duality,8,6
Friends,4,15,26 Feb 98,The One With All the Rugby,10,10
Friends,8,3,11 Oct 01,The One Where Rachel Tells Ross,8,5
Black Mirror,3,4,21 Oct 16,San Junipero ,5,10
Friends,5,2,01 Oct 98,The One With All the Kissing,6,9
The Big Bang Theory,12,5,18 Oct 18,The Planetarium Collision,5,5
Friends,6,5,21 Oct 99,The One With Joey's Porsche,7,9
The Big Bang Theory,9,12,07 Jan 16,The Sales Call Sublimation,9,8
The Big Bang Theory,12,9,15 Nov 18,The Citation Negation,6,5
The Big Bang Theory,4,10,09 Dec 10,The Alien Parasite Hypothesis,5,10
The Big Bang Theory,2,7,10 Nov 08,The Panty PiÃ±ata Polarization,9,7
Friends,4,11,08 Jan 98,The One With Phoebe's Uterus,9,8
The Big Bang Theory,5,12,12 Jan 12,The Shiny Trinket Maneuver,6,7
The Big Bang Theory,9,13,14 Jan 16,The Empathy Optimization,8,10
Friends,3,8,14 Nov 96,The One With the Giant Poking Device,9,7
The Big Bang Theory,3,21,10 May 10,The Plimpton Stimulation,9,6
The Big Bang Theory,9,8,12 Nov 15,The Mystery Date Observation,5,5
The Big Bang Theory,12,6,25 Oct 18,The Imitation Perturbation,7,9
The Big Bang Theory,9,11,17 Dec 15,The Opening Night Excitation,5,5
Friends,7,15,15 Feb 01,The One With Joey's New Brain,8,7
Friends,3,23,01 May 97,The One With Ross's Thing,7,5
Friends,6,25,18 May 00,The One With the Proposal (2),10,6
The Big Bang Theory,11,21,19 Apr 18,The Comet Polarization,7,6
The Big Bang Theory,10,9,17 Nov 16,The Geology Elevation,6,10
The Big Bang Theory,8,18,12 Mar 15,The Leftover Thermalization,8,10
Breaking Bad,5,12,01 Sep 13,Rabid Dog,7,9
The Big Bang Theory,10,12,05 Jan 17,The Holiday Summation,8,10
Friends,2,8,16 Nov 95,The One With the List,10,8
The Big Bang Theory,10,24,11 May 17,The Long Distance Dissonance,7,9
The Big Bang Theory,9,15,11 Feb 16,The Valentino Submergence,10,7
The Big Bang Theory,8,20,09 Apr 15,The Fortification Implementation,10,9
Friends,10,0,06 May 04,The One With All the Other Ones (1),7,9
Friends,6,18,09 Mar 00,The One Where Ross Dates a Student,7,10
The Big Bang Theory,6,22,02 May 13,The Proton Resurgence,10,9
The Big Bang Theory,4,4,14 Oct 10,The Hot Troll Deviation,7,9
Friends,8,24,16 May 02,The One Where Rachel Has a Baby (2),7,7
Friends,8,1,27 Sep 01,"The One After I Do""""",10,9
Friends,1,22,04 May 95,The One With the Ick Factor,5,8
Breaking Bad,5,10,18 Aug 13,Buried,5,5
Friends,5,19,22 Apr 99,The One Where Ross Can't Flirt,7,8
Friends,9,14,06 Feb 03,The One With the Blind Dates,5,5
Breaking Bad,5,7,26 Aug 12,Say My Name,8,7
The Big Bang Theory,2,16,02 Mar 09,The Cushion Saturation,10,6
The Big Bang Theory,7,9,21 Nov 13,The Thanksgiving Decoupling,7,8
Breaking Bad,4,2,24 Jul 11,Thirty-Eight Snub,6,7
The Big Bang Theory,2,4,13 Oct 08,The Griffin Equivalency,5,9
The Big Bang Theory,12,4,11 Oct 18,The Tam Turbulence,7,5
The Big Bang Theory,4,22,05 May 11,The Wildebeest Implementation,5,8
Friends,5,11,07 Jan 99,The One With All the Resolutions,5,5
Friends,8,14,31 Jan 02,The One With the Secret Closet,9,7
The Big Bang Theory,3,5,19 Oct 09,The Creepy Candy Coating Corollary,5,7
Friends,9,11,09 Jan 03,The One Where Rachel Goes Back to Work,8,5
The Big Bang Theory,1,1,24 Sep 07,Pilot,10,10
Friends,1,6,27 Oct 94,The One With the Butt,10,9
Friends,8,15,07 Feb 02,The One With the Birthing Video,8,5
The Big Bang Theory,1,5,22 Oct 07,The Hamburger Postulate,5,6
The Big Bang Theory,3,14,01 Feb 10,The Einstein Approximation,6,8
Friends,6,20,13 Apr 00,The One With Mac and C.H.E.E.S.E.,9,6
Breaking Bad,1,3,10 Feb 08,...and the Bag's in the River,10,7
Friends,5,10,17 Dec 98,The One With the Inappropriate Sister,6,7
Friends,7,16,22 Feb 01,The One With the Truth About London,9,9
The Big Bang Theory,4,3,07 Oct 10,The Zazzy Substitution,5,7
Friends,1,20,06 Apr 95,The One With the Evil Orthodontist,9,10
The Big Bang Theory,1,2,01 Oct 07,The Big Bran Hypothesis,7,6
Friends,8,16,28 Feb 02,The One Where Joey Tells Rachel,7,6
Black Mirror,3,6,21 Oct 16,Hated in the Nation ,8,7
Friends,3,21,17 Apr 97,The One With a Chick and a Duck,9,8
Friends,9,2,03 Oct 02,The One Where Emma Cries,6,7
The Big Bang Theory,8,8,06 Nov 14,The Prom Equivalency,5,8
Friends,6,19,23 Mar 00,The One With Joey's Fridge,8,5
Friends,3,24,08 May 97,The One With the Ultimate Fighting Champion,9,5
Black Mirror,5,3,05 Jun 19,Striking Vipers,7,9
Friends,3,2,26 Sep 96,The One Where No One's Ready,8,8
Breaking Bad,5,6,19 Aug 12,Buyout,8,9
Black Mirror,4,5,29 Dec 17,Metalhead ,10,8
The Big Bang Theory,12,19,18 Apr 19,The Inspiration Deprivation,9,10
The Big Bang Theory,4,2,30 Sep 10,The Cruciferous Vegetable Amplification,8,7
The Big Bang Theory,12,2,27 Sep 18,The Wedding Gift Wormhole,5,5
The Big Bang Theory,3,17,08 Mar 10,The Precious Fragmentation,8,5
Friends,9,1,26 Sep 02,The One Where No One Proposes,5,6
Friends,6,13,03 Feb 00,The One With Rachel's Sister,5,6
Breaking Bad,5,15,22 Sep 13,Granite State,5,10
Friends,6,6,04 Nov 99,The One on the Last Night,10,9
Black Mirror,4,0,28 Dec 18,Bandersnatch ,7,5
The Big Bang Theory,7,13,09 Jan 14,The Occupation Recalibration,9,9
The Big Bang Theory,5,10,17 Nov 11,The Flaming Spittoon Acquisition,8,8
Friends,8,13,17 Jan 02,The One Where Chandler Takes a Bath,6,7
The Big Bang Theory,5,8,03 Nov 11,The Isolation Permutation,5,8
Friends,7,11,04 Jan 01,The One With All the Cheesecakes,8,8
The Big Bang Theory,7,1,26 Sep 13,The Hofstadter Insufficiency,6,9
The Big Bang Theory,10,11,15 Dec 16,The Birthday Synchronicity,8,7
Friends,7,6,09 Nov 00,The One With the Nap Partners,7,9
The Big Bang Theory,6,5,25 Oct 12,The Holographic Excitation,9,7
Friends,5,22,13 May 99,The One With Joey's Big Break,7,5
Friends,6,14,10 Feb 00,The One Where Chandler Can't Cry,9,8
Breaking Bad,3,8,09 May 10,I See You,5,5
The Big Bang Theory,8,14,05 Feb 15,The Troll Manifestation,10,5
Friends,9,3,10 Oct 02,The One With the Pediatrician,10,10
The Big Bang Theory,7,22,01 May 14,The Proton Transmogrification,6,6
The Big Bang Theory,8,12,08 Jan 15,The Space Probe Disintegration,7,10
Friends,9,15,13 Feb 03,The One With the Mugging,6,8
The Big Bang Theory,6,11,13 Dec 12,The Santa Simulation,9,9
The Big Bang Theory,8,6,20 Oct 14,The Expedition Approximation,6,9
Friends,6,17,24 Feb 00,The One With Unagi,10,6
The Big Bang Theory,6,1,27 Sep 12,The Date Night Variable,10,5
Friends,5,5,29 Oct 98,The One With the Kips,7,6
The Big Bang Theory,5,3,29 Sep 11,The Pulled Groin Extrapolation,8,7
Friends,8,11,13 Dec 01,The One With the Creepy Holiday Card,8,5
Friends,9,21,01 May 03,The One With the Fertility Test,7,8
The Big Bang Theory,12,14,31 Jan 19,The Meteorite Manifestation,8,6
Friends,1,10,15 Dec 94,The One With the Monkey,6,7
The Big Bang Theory,11,14,18 Jan 18,The Separation Triangulation,5,9
The Big Bang Theory,11,13,11 Jan 18,The Solo Oscillation,9,6
The Big Bang Theory,2,14,02 Feb 09,The Financial Permeability,10,8
Friends,4,16,19 Mar 98,The One With the Fake Party,10,5
The Big Bang Theory,12,21,02 May 19,The Plagiarism Schism,5,8
Breaking Bad,2,5,05 Apr 09,Breakage,7,9
The Big Bang Theory,11,6,02 Nov 17,The Proton Regeneration,10,9
The Big Bang Theory,2,20,13 Apr 09,The Hofstadter Isotope,6,10
Friends,6,21,27 Apr 00,The One Where Ross Meets Elizabeth's Dad,9,9
Friends,7,2,12 Oct 00,The One With Rachel's Book,5,8
The Big Bang Theory,10,21,13 Apr 17,The Separation Agitation,8,9
Friends,10,6,06 Nov 03,The One With Ross's Grant,6,9
The Big Bang Theory,8,21,16 Apr 15,The Communication Deterioration,6,9
The Big Bang Theory,8,1,22 Sep 14,The Locomotion Interruption,9,6
Friends,8,9,22 Nov 01,The One With the Rumor,8,7
Friends,9,10,12 Dec 02,The One With Christmas in Tulsa,5,5
The Big Bang Theory,10,15,09 Feb 17,The Locomotion Reverberation,7,10
Friends,1,13,19 Jan 95,The One With the Boobies,6,6
Friends,1,3,06 Oct 94,The One With the Thumb,10,8
Friends,3,5,17 Oct 96,The One With Frank Jr.,10,8
Friends,4,19,09 Apr 98,The One With All the Haste,10,5
Friends,6,4,14 Oct 99,The One Where Joey Loses His Insurance,7,10
Friends,8,8,15 Nov 01,The One With the Stripper,6,9
The Big Bang Theory,1,6,29 Oct 07,The Middle-Earth Paradigm,10,9
Friends,10,9,08 Jan 04,The One With the Birth Mother,9,5
The Big Bang Theory,10,19,30 Mar 17,The Collaboration Fluctuation,10,6
The Big Bang Theory,7,3,03 Oct 13,The Scavenger Vortex,6,6
Friends,6,24,18 May 00,The One With the Proposal (1),5,10
Breaking Bad,4,8,04 Sep 11,Hermanos,10,6
Friends,3,22,24 Apr 97,The One With the Screamer,8,8
The Big Bang Theory,2,3,06 Oct 08,The Barbarian Sublimation,6,5
The Big Bang Theory,11,17,08 Mar 18,The Athenaeum Allocation,6,5
Friends,7,19,19 Apr 01,The One With Ross and Monica's Cousin,7,6
Breaking Bad,1,5,24 Feb 08,Gray Matter,10,9
Breaking Bad,2,6,12 Apr 09,Peekaboo,8,10
The Big Bang Theory,11,22,26 Apr 18,The Monetary Insufficiency,9,6
The Big Bang Theory,9,2,28 Sep 15,The Separation Oscillation,8,5
The Big Bang Theory,6,4,18 Oct 12,The Re-Entry Minimization,9,5
The Big Bang Theory,3,20,03 May 10,The Spaghetti Catalyst,5,10
Friends,5,1,24 Sep 98,The One After Ross Says Rachel,6,5
Black Mirror,3,5,21 Oct 16,Men Against Fire,6,8
The Big Bang Theory,10,13,19 Jan 17,The Romance Recalibration,5,10
The Big Bang Theory,3,7,09 Nov 09,The Guitarist Amplification,8,9
The Big Bang Theory,5,11,08 Dec 11,The Speckerman Recurrence,7,7
Breaking Bad,2,2,15 Mar 09,Grilled,5,8
Friends,6,7,11 Nov 99,The One Where Phoebe Runs,5,9
Friends,5,17,18 Mar 99,The One With Rachel's Inadvertent Kiss,7,7
The Big Bang Theory,9,18,10 Mar 16,The Application Deterioration,6,10
The Big Bang Theory,9,6,26 Oct 15,The Helium Insufficiency,5,6
The Big Bang Theory,8,17,05 Mar 15,The Colonization Application,8,6
The Big Bang Theory,12,8,08 Nov 18,The Consummation Deviation,7,8
The Big Bang Theory,12,16,21 Feb 19,The D & D Vortex,5,9
Friends,3,17,06 Mar 97,The One Without the Ski Trip,7,7
Breaking Bad,5,8,02 Sep 12,Gliding Over All,6,6
Friends,4,10,18 Dec 97,The One With the Girl from Poughkeepsie,7,9
The Big Bang Theory,2,8,17 Nov 08,The Lizard-Spock Expansion,6,7
The Big Bang Theory,1,13,21 Apr 08,The Bat Jar Conjecture,8,8
The Big Bang Theory,8,2,22 Sep 14,The Junior Professor Solution,10,7
The Big Bang Theory,6,13,10 Jan 13,The Bakersfield Expedition,8,8
The Big Bang Theory,2,15,09 Feb 09,The Maternal Capacitance,9,10
The Big Bang Theory,9,21,21 Apr 16,The Viewing Party Combustion,9,6
Breaking Bad,4,5,14 Aug 11,Shotgun,9,10
The Big Bang Theory,2,17,09 Mar 09,The Terminator Decoupling,7,7
Black Mirror,2,1,11 Feb 13,Be Right Back ,6,10
The Big Bang Theory,6,17,21 Feb 13,The Monster Isolation,9,8
Breaking Bad,5,5,12 Aug 12,Dead Freight,6,7
Black Mirror,4,6,29 Dec 17,Black Museum ,10,5
Breaking Bad,2,8,26 Apr 09,Better Call Saul,7,7
Friends,10,8,20 Nov 03,The One With the Late Thanksgiving,5,8
The Big Bang Theory,2,23,11 May 09,The Monopolar Expedition,7,5
Breaking Bad,5,4,05 Aug 12,Fifty-One,10,6
The Big Bang Theory,5,2,22 Sep 11,The Infestation Hypothesis,9,10
The Big Bang Theory,8,22,23 Apr 15,The Graduation Transmission,5,8
The Big Bang Theory,2,10,08 Dec 08,The Vartabedian Conundrum,10,5
The Big Bang Theory,8,11,11 Dec 14,The Clean Room Infiltration,8,9
Friends,5,8,19 Nov 98,The One With All the Thanksgivings,8,6
The Big Bang Theory,3,1,21 Sep 09,The Electric Can Opener Fluctuation,10,7
Friends,9,4,17 Oct 02,The One With the Sharks,5,8
Friends,4,2,02 Oct 97,The One With the Cat,5,7
Breaking Bad,4,9,11 Sep 11,Bug,9,9
The Big Bang Theory,7,17,06 Mar 14,The Friendship Turbulence,8,6
Friends,1,5,20 Oct 94,The One With the East German Laundry Detergent,6,8
Friends,10,0,06 May 04,The One With All the Other Ones (2),9,9
Friends,3,15,13 Feb 97,The One Where Ross and Rachel Take a Break,6,7
The Big Bang Theory,6,7,08 Nov 12,The Habitation Configuration,10,7
Black Mirror,4,3,29 Dec 17,Crocodile ,7,10
The Big Bang Theory,11,23,03 May 18,The Sibling Realignment,6,5
Friends,9,12,16 Jan 03,The One With Phoebe's Rats,9,6
The Big Bang Theory,3,10,07 Dec 09,The Gorilla Experiment,6,8
The Big Bang Theory,9,17,25 Feb 16,The Celebration Experimentation,10,9
Friends,5,24,20 May 99,The One in Vegas (2),5,7
Friends,5,23,20 May 99,The One in Vegas (1),7,7
Friends,8,17,07 Mar 02,The One With the Tea Leaves,10,9
Friends,6,1,23 Sep 99,The One After Vegas,9,7
The Big Bang Theory,8,23,30 Apr 15,The Maternal Combustion,6,9
The Big Bang Theory,1,16,12 May 08,The Peanut Reaction,10,9
The Big Bang Theory,10,7,03 Nov 16,The Veracity Elasticity,10,10
Friends,2,2,28 Sep 95,The One With the Breast Milk,7,6
Friends,5,16,23 Feb 99,The One With the Cop,6,9
Friends,10,3,09 Oct 03,The One With Ross's Tan,9,5
Breaking Bad,4,12,02 Oct 11,End Times,5,8
Friends,9,17,13 Mar 03,The One With the Memorial Service,7,10
Friends,8,20,25 Apr 02,The One With the Baby Shower,10,7
The Big Bang Theory,2,18,16 Mar 09,The Work Song Nanocluster,9,7
The Big Bang Theory,2,9,24 Nov 08,The White Asparagus Triangulation,8,9
The Big Bang Theory,10,10,01 Dec 16,The Property Division Collision,6,8
Friends,2,19,28 Mar 96,The One Where Eddie Won't Go,10,9
Friends,9,20,24 Apr 03,The One With the Soap Opera Party,6,9
Friends,4,8,20 Nov 97,The One With Chandler in a Box,10,7
The Big Bang Theory,1,9,17 Mar 08,The Cooper-Hofstadter Polarization,8,9
The Big Bang Theory,4,12,06 Jan 11,The Bus Pants Utilization,7,10
The Big Bang Theory,11,18,29 Mar 18,The Gates Excitation,8,10
Friends,5,4,15 Oct 98,The One Where Phoebe Hates PBS,8,5
The Big Bang Theory,12,1,24 Sep 18,The Conjugal Configuration,5,6
The Big Bang Theory,3,22,17 May 10,The Staircase Implementation,10,10
The Big Bang Theory,5,15,02 Feb 12,The Friendship Contraction,9,7
Friends,4,17,26 Mar 98,The One With the Free Porn,6,6
The Big Bang Theory,8,16,26 Feb 15,The Intimacy Acceleration,10,10
Friends,7,5,02 Nov 00,The One With the Engagement Picture,5,5
Friends,8,18,28 Mar 02,The One in Massapequa,6,9
The Big Bang Theory,7,7,07 Nov 13,The Proton Displacement,7,5
The Big Bang Theory,3,13,18 Jan 10,The Bozeman Reaction,10,5
The Big Bang Theory,7,4,10 Oct 13,The Raiders Minimization,5,8
Friends,5,13,04 Feb 99,The One With Joey's Bag,10,7
The Big Bang Theory,8,5,13 Oct 14,The Focus Attentuation,9,8
Black Mirror,1,1,04 Dec 11,The National Anthem ,5,5
Friends,4,14,05 Feb 98,The One With Joey's Dirty Day,7,9
The Big Bang Theory,9,3,05 Oct 15,The Bachelor Party Corrosion,6,7
The Big Bang Theory,7,16,27 Feb 14,The Table Polarization,8,9
The Big Bang Theory,8,10,20 Nov 14,The Champagne Reflection,6,8
The Big Bang Theory,6,3,11 Oct 12,The Higgs Boson Observation,9,5
The Big Bang Theory,8,4,06 Oct 14,The Hook-Up Reverberation,9,9
Friends,2,17,22 Feb 96,The One Where Eddie Moves In,5,10
The Big Bang Theory,1,3,08 Oct 07,The Fuzzy Boots Corollary,8,9
The Big Bang Theory,2,19,30 Mar 09,The Dead Hooker Juxtaposition,9,7
The Big Bang Theory,3,8,16 Nov 09,The Adhesive Duck Deficiency,7,5
Friends,1,9,17 Nov 94,The One Where Underdog Gets Away,5,10
The Big Bang Theory,7,21,24 Apr 14,The Anything Can Happen Recurrence,7,9
The Big Bang Theory,11,12,04 Jan 18,The Matrimonial Metric,9,9
Friends,2,11,18 Jan 96,The One With the Lesbian Wedding,7,5
Breaking Bad,3,5,18 Apr 10,MÃ¡s,6,10
Friends,6,22,04 May 00,The One Where Paul's the Man,5,6
Friends,2,21,25 Apr 96,The One With the Bullies,5,6
The Big Bang Theory,6,19,14 Mar 13,The Closet Reconfiguration,8,10
Friends,2,10,04 Jan 96,The One With Russ,9,6
The Big Bang Theory,11,16,01 Mar 18,The Neonatal Nomenclature,5,6
Breaking Bad,4,6,21 Aug 11,Cornered,5,9
The Big Bang Theory,6,9,29 Nov 12,The Parking Spot Escalation,8,5
Friends,3,9,21 Nov 96,The One With the Football,9,10
Breaking Bad,5,11,25 Aug 13,Confessions,10,6
